iso3,technology,technology_label,annual_mean_cf,def_ts01,def_ts12,def_ts288,def_reduction_pct_ts01_to_ts288,def_reduction_pct_ts01_to_ts12,pct_of_total_improvement_captured_by_ts12
AFG,spv,Solar PV,0.2809,0.5286,0.1548,0.0619,88.2814,70.7234,80.1113
AFG,won,Wind onshore,0.5655,0.346,0.2474,0.2197,36.5095,28.4892,78.0322
AGO,spv,Solar PV,0.2617,0.5101,0.1592,0.0561,89.0096,68.7926,77.2867
AGO,wof,,0.4328,0.3174,0.3017,0.2782,12.366,4.9531,40.0541
AGO,won,Wind onshore,0.1672,0.3467,0.266,0.2118,38.915,23.2818,59.8274
ALB,spv,Solar PV,0.2075,0.5472,0.2092,0.115,78.9855,61.7759,78.2116
ALB,wof,,0.3014,0.4386,0.4248,0.3935,10.2758,3.1486,30.6404
ALB,won,Wind onshore,0.0703,0.5088,0.4825,0.4552,10.5386,5.1599,48.9618
ARE,spv,Solar PV,0.2587,0.5237,0.1452,0.0388,92.5882,72.2736,78.0592
ARE,wof,,0.1944,0.5183,0.4717,0.4543,12.3604,9.007,72.8698
ARE,won,Wind onshore,0.2498,0.385,0.3673,0.3453,10.309,4.5947,44.5698
ARG,spv,Solar PV,0.2627,0.5087,0.1322,0.064,87.4283,74.021,84.6649
ARG,wof,,0.7168,0.1669,0.1649,0.1594,4.4964,1.2264,27.2751
ARG,won,Wind onshore,0.6209,0.1999,0.1915,0.1808,9.5567,4.1945,43.8907
ARM,spv,Solar PV,0.2381,0.5331,0.1998,0.0908,82.9617,62.5278,75.3695
ARM,won,Wind onshore,0.0306,0.4875,0.4666,0.4226,13.3172,4.2871,32.192
AUS,spv,Solar PV,0.2463,0.5082,0.1509,0.0474,90.6693,70.297,77.5313
AUS,wof,,0.6275,0.2279,0.224,0.2139,6.1825,1.7308,27.9951
AUS,won,Wind onshore,0.4388,0.1797,0.1608,0.151,15.9859,10.4916,65.6304
AUT,spv,Solar PV,0.1631,0.567,0.2654,0.172,69.6598,53.1855,76.3503
AUT,won,Wind onshore,0.2957,0.4333,0.4219,0.4086,5.7063,2.6319,46.1239
AZE,spv,Solar PV,0.2247,0.533,0.2002,0.0973,81.7475,62.4449,76.3875
AZE,wof,,0.3635,0.413,0.4063,0.3901,5.5532,1.6228,29.2231
AZE,won,Wind onshore,0.3085,0.3818,0.3772,0.357,6.5104,1.2076,18.5482
BDI,spv,Solar PV,0.2181,0.5271,0.1946,0.0976,81.4795,63.0765,77.414
BDI,won,Wind onshore,0.0296,0.5118,0.4099,0.3385,33.8569,19.9125,58.8136
BEL,spv,Solar PV,0.1496,0.5765,0.2702,0.1842,68.0436,53.1218,78.0703
BEL,won,Wind onshore,0.3926,0.3481,0.3311,0.3139,9.8282,4.8958,49.8141
BEN,spv,Solar PV,0.2382,0.5337,0.1805,0.0616,88.4638,66.1785,74.8086
BEN,wof,,0.1673,0.323,0.2922,0.254,21.3592,9.5409,44.6688
BEN,won,Wind onshore,0.1507,0.3814,0.2997,0.2488,34.7704,21.4163,61.5933
BFA,spv,Solar PV,0.2498,0.5289,0.186,0.0496,90.6271,64.8331,71.5384
BFA,won,Wind onshore,0.2146,0.367,0.3199,0.2642,28.009,12.8277,45.7986
BGD,spv,Solar PV,0.1956,0.5529,0.2267,0.0908,83.5786,59.005,70.5983
BGD,wof,,0.2249,0.4318,0.3855,0.34,21.2555,10.7371,50.5144
BGD,won,Wind onshore,0.1558,0.439,0.37,0.3188,27.371,15.7248,57.4507
BGR,spv,Solar PV,0.1989,0.5349,0.2085,0.1151,78.4876,61.0172,77.7411
BGR,wof,,0.3047,0.4174,0.3941,0.3772,9.6433,5.5892,57.9596
BGR,won,Wind onshore,0.2978,0.3901,0.3646,0.3498,10.3222,6.5424,63.3817
BIH,spv,Solar PV,0.1936,0.5607,0.2415,0.1493,73.3672,56.9369,77.6055
BIH,won,Wind onshore,0.0925,0.547,0.5251,0.5025,8.1254,4.0043,49.2812
BLR,spv,Solar PV,0.149,0.5878,0.2641,0.1705,70.9952,55.0733,77.5732
BLR,won,Wind onshore,0.35,0.3412,0.3169,0.2984,12.5339,7.1084,56.7133
BOL,spv,Solar PV,0.2087,0.5234,0.1845,0.1017,80.566,64.7455,80.3633
BOL,won,Wind onshore,0.3383,0.4056,0.4007,0.3786,6.6633,1.2117,18.1851
BRA,spv,Solar PV,0.235,0.5082,0.1576,0.062,87.7966,68.9954,78.5856
BRA,wof,,0.4902,0.3017,0.2932,0.286,5.1892,2.8132,54.213
BRA,won,Wind onshore,0.3764,0.201,0.1647,0.1475,26.6027,18.029,67.7716
BTN,spv,Solar PV,0.1731,0.5543,0.238,0.1227,77.8579,57.0632,73.2914
CAF,spv,Solar PV,0.2319,0.5339,0.1893,0.0713,86.6452,64.5484,74.4974
CAF,won,Wind onshore,0.2,0.4835,0.3447,0.2564,46.9673,28.6946,61.0948
CAN,spv,Solar PV,0.2147,0.5325,0.2084,0.1302,75.5552,60.8716,80.5656
CAN,wof,,0.6368,0.2386,0.2298,0.2241,6.0809,3.6919,60.7128
CAN,won,Wind onshore,0.5174,0.1652,0.1504,0.1439,12.9108,8.9488,69.3127
CHE,spv,Solar PV,0.1729,0.5673,0.2616,0.1813,68.0373,53.8812,79.1935
CHE,won,Wind onshore,0.158,0.4984,0.4754,0.4466,10.4101,4.6243,44.4208
CHL,spv,Solar PV,0.3113,0.5098,0.113,0.0312,93.8841,77.8411,82.9119
CHL,wof,,0.7547,0.1563,0.155,0.1491,4.5852,0.8177,17.8339
CHL,won,Wind onshore,0.7143,0.1688,0.1657,0.158,6.3983,1.8502,28.9175
CHN,spv,Solar PV,0.234,0.5241,0.1725,0.0542,89.6559,67.0893,74.8298
CHN,wof,,0.4433,0.1853,0.1715,0.1594,13.9645,7.4446,53.3108
CHN,won,Wind onshore,0.408,0.1981,0.1802,0.1687,14.8239,9.0319,60.9281
CIV,spv,Solar PV,0.2284,0.5296,0.1689,0.0721,86.3789,68.1185,78.8601
CIV,wof,,0.0925,0.3567,0.3263,0.2799,21.525,8.5056,39.5152
CIV,won,Wind onshore,0.0894,0.3768,0.3055,0.2411,36.0016,18.9097,52.5245
CMR,spv,Solar PV,0.2462,0.5301,0.1877,0.0576,89.1347,64.5959,72.4699
CMR,won,Wind onshore,0.2815,0.3819,0.3059,0.2408,36.9509,19.9075,53.8754
COD,spv,Solar PV,0.2352,0.5239,0.1787,0.0808,84.585,65.8963,77.9054
COD,wof,,0.0666,0.3844,0.361,0.3459,10.0028,6.0782,60.765
COD,won,Wind onshore,0.114,0.5592,0.3997,0.2914,47.8995,28.5273,59.5565
COG,spv,Solar PV,0.2034,0.5266,0.1936,0.0833,84.1776,63.2293,75.1142
COG,wof,,0.0627,0.4022,0.3727,0.3573,11.1697,7.3378,65.6938
COG,won,Wind onshore,0.0387,0.4314,0.3449,0.2705,37.3011,20.0453,53.7392
COL,spv,Solar PV,0.2226,0.5276,0.1817,0.0552,89.545,65.5603,73.215
COL,wof,,0.6957,0.2049,0.1591,0.1436,29.9403,22.3531,74.6592
COL,won,Wind onshore,0.6834,0.2154,0.1628,0.1448,32.7753,24.4511,74.6024
CRI,spv,Solar PV,0.207,0.5508,0.2038,0.0861,84.3751,62.9904,74.6552
CRI,wof,,0.4799,0.3468,0.2511,0.2077,40.1247,27.6117,68.8148
CRI,won,Wind onshore,0.1779,0.5218,0.3856,0.3197,38.7322,26.1013,67.389
CUB,spv,Solar PV,0.2372,0.5203,0.1776,0.0618,88.1199,65.8656,74.7455
CUB,wof,,0.3559,0.3298,0.3138,0.2879,12.7304,4.8566,38.1493
CUB,won,Wind onshore,0.2502,0.3389,0.3236,0.2968,12.4284,4.5196,36.3653
CYP,wof,,0.2213,0.4903,0.4695,0.44,10.27,4.2366,41.2517
CZE,spv,Solar PV,0.1529,0.578,0.273,0.1872,67.6102,52.7661,78.0447
CZE,won,Wind onshore,0.2527,0.4382,0.4097,0.3924,10.4593,6.5081,62.2234
DEU,spv,Solar PV,0.1595,0.5563,0.2544,0.173,68.9009,54.2705,78.7659
DEU,wof,,0.5059,0.3068,0.2928,0.282,8.0766,4.5713,56.5988
DEU,won,Wind onshore,0.4469,0.3146,0.2997,0.29,7.8167,4.7392,60.6285
DJI,spv,Solar PV,0.237,0.5323,0.1963,0.0524,90.1557,63.1273,70.0204
DJI,wof,,0.0772,0.4132,0.3902,0.3159,23.5317,5.5649,23.6487
DJI,won,Wind onshore,0.1739,0.3604,0.3259,0.2588,28.1826,9.5732,33.9683
DNK,spv,Solar PV,0.157,0.5784,0.2665,0.1593,72.4521,53.9247,74.4281
DNK,wof,,0.6174,0.2813,0.2677,0.25,11.0996,4.8111,43.3447
DNK,won,Wind onshore,0.5407,0.2787,0.2677,0.2582,7.3594,3.9649,53.875
DOM,spv,Solar PV,0.2389,0.5204,0.1641,0.0673,87.07,68.4755,78.6442
DOM,wof,,0.4709,0.2468,0.2202,0.2028,17.7985,10.7679,60.499
DOM,won,Wind onshore,0.181,0.2789,0.2649,0.2438,12.5929,5.0242,39.8972
DZA,spv,Solar PV,0.282,0.5203,0.1352,0.0386,92.5796,74.0155,79.9479
DZA,wof,,0.2898,0.3768,0.3632,0.3385,10.1541,3.6121,35.5727
DZA,won,Wind onshore,0.4859,0.2994,0.2836,0.2667,10.91,5.2573,48.1881
ECU,spv,Solar PV,0.1625,0.5294,0.1891,0.0828,84.3521,64.2878,76.2135
ECU,wof,,0.1402,0.3133,0.2597,0.222,29.1641,17.1295,58.735
ECU,won,Wind onshore,0.1295,0.2881,0.2223,0.1867,35.1981,22.8402,64.8904
EGY,spv,Solar PV,0.2823,0.5151,0.1489,0.0285,94.4768,71.1042,75.261
EGY,wof,,0.3604,0.3025,0.2925,0.268,11.4191,3.3082,28.9705
EGY,won,Wind onshore,0.4354,0.2577,0.2344,0.2115,17.9474,9.0393,50.3653
ERI,spv,Solar PV,0.2439,0.532,0.1651,0.0622,88.2993,68.9557,78.0931
ERI,wof,,0.5474,0.3165,0.2607,0.2013,36.3849,17.6321,48.4601
ERI,won,Wind onshore,0.5974,0.2831,0.2382,0.1842,34.9603,15.8589,45.3626
ESP,spv,Solar PV,0.242,0.5193,0.1875,0.0866,83.3206,63.8953,76.686
ESP,wof,,0.5102,0.2751,0.2669,0.2517,8.4933,2.946,34.6862
ESP,won,Wind onshore,0.2542,0.2707,0.2548,0.2347,13.3054,5.9001,44.3434
EST,spv,Solar PV,0.1467,0.5959,0.2667,0.1785,70.035,55.2436,78.88
EST,wof,,0.4483,0.3585,0.3414,0.3222,10.1334,4.7842,47.2119
EST,won,Wind onshore,0.418,0.3386,0.3177,0.2973,12.1963,6.1825,50.692
ETH,spv,Solar PV,0.2516,0.5334,0.19,0.0596,88.8197,64.3711,72.4739
ETH,won,Wind onshore,0.3912,0.2059,0.1913,0.1558,24.3518,7.0976,29.1462
FIN,spv,Solar PV,0.1592,0.611,0.2802,0.1883,69.1879,54.1375,78.2472
FIN,wof,,0.4787,0.358,0.3419,0.3232,9.705,4.4805,46.167
FIN,won,Wind onshore,0.3049,0.3603,0.3501,0.334,7.2826,2.8167,38.6768
FRA,spv,Solar PV,0.2077,0.5376,0.2061,0.1164,78.3397,61.6679,78.7185
FRA,wof,,0.5026,0.2633,0.2535,0.2415,8.2607,3.7078,44.8847
FRA,won,Wind onshore,0.4473,0.28,0.2673,0.2526,9.7852,4.5484,46.4825
GAB,spv,Solar PV,0.1923,0.5368,0.2224,0.1073,80.017,58.5669,73.1931
GAB,wof,,0.0965,0.4063,0.3039,0.262,35.5301,25.2037,70.9362
GAB,won,Wind onshore,0.029,0.3738,0.3066,0.2578,31.0305,17.9827,57.9518
GBR,spv,Solar PV,0.1448,0.5509,0.251,0.1584,71.2407,54.4448,76.4236
GBR,wof,,0.5637,0.2708,0.2581,0.2463,9.0495,4.7092,52.0381
GBR,won,Wind onshore,0.4947,0.2493,0.2335,0.2241,10.0812,6.3435,62.9237
GEO,spv,Solar PV,0.2075,0.5441,0.2242,0.1152,78.8347,58.787,74.57
GEO,wof,,0.1296,0.5922,0.5314,0.4921,16.8928,10.2645,60.7626
GEO,won,Wind onshore,0.0763,0.4309,0.4202,0.4034,6.3758,2.4793,38.8861
GHA,spv,Solar PV,0.2314,0.5292,0.1922,0.0637,87.9635,63.6776,72.3909
GHA,wof,,0.1392,0.3221,0.2929,0.2499,22.4226,9.0574,40.3939
GHA,won,Wind onshore,0.1097,0.3654,0.2814,0.2238,38.7556,22.9838,59.3043
GIN,spv,Solar PV,0.2315,0.5336,0.1766,0.0605,88.6538,66.899,75.461
GIN,wof,,0.1113,0.4937,0.4582,0.3978,19.423,7.1904,37.0198
GIN,won,Wind onshore,0.1104,0.4184,0.3311,0.2816,32.7004,20.8627,63.7994
GNB,spv,Solar PV,0.2236,0.5425,0.209,0.0695,87.1891,61.4771,70.5101
GNB,wof,,0.1862,0.4408,0.3843,0.353,19.917,12.8285,64.4097
GNB,won,Wind onshore,0.1467,0.408,0.3535,0.3182,21.9959,13.3435,60.6634
GNQ,spv,Solar PV,0.1572,0.5626,0.2304,0.0995,82.3092,59.0391,71.7285
GNQ,wof,,0.074,0.384,0.2886,0.2574,32.9761,24.8464,75.3468
GNQ,won,Wind onshore,0.0395,0.3859,0.3166,0.2638,31.6421,17.9553,56.7449
GRC,spv,Solar PV,0.2154,0.5326,0.181,0.0894,83.2137,66.0236,79.3422
GRC,wof,,0.533,0.3206,0.3011,0.2794,12.8277,6.077,47.3739
GRC,won,Wind onshore,0.5215,0.267,0.2554,0.2376,10.9926,4.3565,39.6315
GTM,spv,Solar PV,0.2257,0.5376,0.198,0.0724,86.5375,63.1705,72.9978
GTM,wof,,0.0554,0.4707,0.4548,0.4019,14.6233,3.3898,23.1808
GTM,won,Wind onshore,0.0706,0.5142,0.4504,0.3912,23.9301,12.4159,51.8841
GUY,spv,Solar PV,0.2021,0.5317,0.2037,0.0867,83.6942,61.6854,73.7033
GUY,wof,,0.3063,0.2888,0.2369,0.2113,26.8223,17.9524,66.9307
GUY,won,Wind onshore,0.1509,0.4338,0.2936,0.2192,49.4864,32.3183,65.3074
HND,spv,Solar PV,0.2366,0.5326,0.1825,0.0673,87.368,65.7252,75.228
HND,wof,,0.2728,0.3786,0.3424,0.3102,18.0518,9.5711,53.0202
HND,won,Wind onshore,0.4613,0.3503,0.3119,0.2851,18.6029,10.9621,58.9266
HRV,spv,Solar PV,0.1992,0.5525,0.2289,0.1271,76.987,58.5781,76.0883
HRV,wof,,0.2444,0.4706,0.4597,0.4381,6.897,2.3162,33.5821
HRV,won,Wind onshore,0.1855,0.5025,0.4825,0.4628,7.8971,3.9672,50.2356
HTI,spv,Solar PV,0.251,0.5243,0.1668,0.0603,88.4982,68.194,77.0569
HTI,wof,,0.305,0.4073,0.38,0.3406,16.3847,6.7141,40.9776
HTI,won,Wind onshore,0.206,0.4216,0.4016,0.3619,14.1451,4.7426,33.5279
HUN,spv,Solar PV,0.1717,0.5644,0.2399,0.1583,71.9551,57.5015,79.913
HUN,won,Wind onshore,0.2326,0.3818,0.3636,0.3468,9.157,4.7552,51.9303
IDN,spv,Solar PV,0.208,0.5235,0.1708,0.0564,89.2313,67.3771,75.5084
IDN,wof,,0.3877,0.3499,0.2792,0.2371,32.2368,20.2044,62.6749
IDN,won,Wind onshore,0.2069,0.3159,0.2439,0.198,37.3305,22.8057,61.0915
IND,spv,Solar PV,0.2333,0.528,0.1776,0.0448,91.5087,66.3634,72.5214
IND,wof,,0.297,0.2588,0.1856,0.1597,38.3093,28.3044,73.884
IND,won,Wind onshore,0.2497,0.2908,0.1992,0.1633,43.8608,31.4936,71.8034
IRL,spv,Solar PV,0.149,0.5797,0.2757,0.2004,65.4292,52.4371,80.1433
IRL,wof,,0.5881,0.3019,0.2893,0.2813,6.8187,4.1736,61.2073
IRL,won,Wind onshore,0.4407,0.3036,0.2887,0.279,8.0858,4.9052,60.6639
IRN,spv,Solar PV,0.2789,0.5166,0.1512,0.0385,92.5477,70.7229,76.4178
IRN,wof,,0.2686,0.4268,0.4027,0.3767,11.7489,5.6569,48.148
IRN,won,Wind onshore,0.4837,0.3264,0.227,0.2051,37.1649,30.4423,81.9115
IRQ,spv,Solar PV,0.2707,0.5235,0.1422,0.0522,90.0337,72.8283,80.8901
IRQ,won,Wind onshore,0.3902,0.3643,0.3339,0.3158,13.3055,8.3346,62.6403
ISR,spv,Solar PV,0.2764,0.5178,0.1545,0.0456,91.2024,70.1697,76.9385
ISR,wof,,0.1762,0.4726,0.4356,0.4099,13.2813,7.8289,58.9468
ISR,won,Wind onshore,0.1377,0.4583,0.4243,0.336,26.694,7.4123,27.7675
ITA,spv,Solar PV,0.224,0.5205,0.173,0.0643,87.6497,66.7626,76.1699
ITA,wof,,0.3831,0.3432,0.3154,0.3002,12.5234,8.0793,64.5137
ITA,won,Wind onshore,0.3151,0.2941,0.2683,0.2533,13.8936,8.7887,63.2574
JAM,spv,Solar PV,0.2407,0.5235,0.1907,0.0657,87.4448,63.5704,72.6978
JAM,wof,,0.4535,0.283,0.2561,0.2385,15.7286,9.4977,60.3852
JAM,won,Wind onshore,0.2452,0.3598,0.3246,0.2995,16.7675,9.7895,58.384
JOR,spv,Solar PV,0.2834,0.5177,0.1443,0.0414,92.0069,72.1268,78.3928
JOR,won,Wind onshore,0.2963,0.3892,0.3415,0.3109,20.1094,12.2467,60.9003
JPN,spv,Solar PV,0.1816,0.5384,0.2206,0.127,76.4174,59.0219,77.2363
JPN,wof,,0.4907,0.2659,0.2417,0.2293,13.7763,9.1289,66.2653
JPN,won,Wind onshore,0.3954,0.2112,0.1877,0.177,16.2097,11.1348,68.6921
KAZ,spv,Solar PV,0.2213,0.5322,0.1798,0.0804,84.8932,66.2266,78.0117
KAZ,wof,,0.3915,0.3693,0.3569,0.342,7.3925,3.3793,45.7133
KAZ,won,Wind onshore,0.4525,0.3426,0.334,0.3193,6.8102,2.5161,36.9465
KEN,spv,Solar PV,0.2526,0.5204,0.151,0.0596,88.5467,70.9879,80.17
KEN,wof,,0.3393,0.3173,0.2408,0.1739,45.1838,24.0955,53.3277
KEN,won,Wind onshore,0.6016,0.2544,0.2371,0.1871,26.434,6.7816,25.655
KGZ,spv,Solar PV,0.2478,0.5397,0.2112,0.1044,80.6601,60.8688,75.4633
KGZ,won,Wind onshore,0.0542,0.4153,0.4038,0.3884,6.4634,2.7611,42.7189
KHM,spv,Solar PV,0.2111,0.5445,0.2105,0.0929,82.9319,61.3431,73.9681
KHM,wof,,0.1537,0.528,0.4517,0.3962,24.9612,14.4382,57.8428
KHM,won,Wind onshore,0.1464,0.403,0.3569,0.3095,23.2042,11.4405,49.3035
KOR,spv,Solar PV,0.1911,0.5584,0.2364,0.1454,73.956,57.6751,77.9857
KOR,wof,,0.3945,0.3537,0.3399,0.3264,7.709,3.9015,50.6091
KOR,won,Wind onshore,0.289,0.3406,0.3236,0.3088,9.3368,5.0087,53.6444
KWT,spv,Solar PV,0.2585,0.5253,0.1703,0.0456,91.3258,67.5711,73.9891
KWT,wof,,0.3015,0.4077,0.3824,0.361,11.4623,6.1976,54.0695
KWT,won,Wind onshore,0.3938,0.3635,0.3356,0.3176,12.6416,7.6839,60.7825
LAO,spv,Solar PV,0.2047,0.5463,0.2151,0.0974,82.1621,60.6165,73.7768
LAO,won,Wind onshore,0.2114,0.4266,0.3734,0.323,24.2752,12.4676,51.3595
LBN,spv,Solar PV,0.2616,0.5275,0.1615,0.0682,87.0665,69.3892,79.6968
LBN,wof,,0.1212,0.4926,0.466,0.4485,8.9503,5.4024,60.3592
LBN,won,Wind onshore,0.09,0.5015,0.4753,0.449,10.4679,5.2318,49.9793
LBR,spv,Solar PV,0.1845,0.5583,0.2335,0.1058,81.0499,58.1794,71.7822
LBR,wof,,0.0852,0.4509,0.3561,0.3236,28.247,21.0367,74.474
LBR,won,Wind onshore,0.0394,0.4457,0.3732,0.3191,28.4202,16.2799,57.2831
LBY,spv,Solar PV,0.2913,0.5139,0.1308,0.0268,94.7771,74.5423,78.6502
LBY,wof,,0.3944,0.3467,0.319,0.3053,11.9404,8.002,67.0165
LBY,won,Wind onshore,0.5212,0.2909,0.2724,0.239,17.8521,6.3514,35.578
LKA,spv,Solar PV,0.2153,0.5305,0.1863,0.0818,84.5856,64.8909,76.7162
LKA,wof,,0.4479,0.3231,0.2449,0.174,46.1365,24.1913,52.4342
LKA,won,Wind onshore,0.3276,0.3922,0.2744,0.1981,49.4795,30.0331,60.698
LSO,spv,Solar PV,0.2431,0.5235,0.1894,0.0886,83.0755,63.8127,76.8129
LSO,won,Wind onshore,0.0924,0.5523,0.4968,0.4427,19.8517,10.0563,50.6572
LTU,spv,Solar PV,0.142,0.5912,0.2642,0.1787,69.7783,55.3099,79.2651
LTU,wof,,0.403,0.364,0.3396,0.3222,11.4802,6.695,58.3175
LTU,won,Wind onshore,0.3538,0.3674,0.3428,0.324,11.8146,6.7067,56.7663
LUX,spv,Solar PV,0.1462,0.596,0.288,0.2116,64.4949,51.6856,80.1391
LUX,won,Wind onshore,0.2955,0.4163,0.3954,0.3728,10.4313,5.006,47.99
LVA,spv,Solar PV,0.1415,0.5814,0.2499,0.1579,72.8378,57.0191,78.2823
LVA,wof,,0.4463,0.3587,0.3382,0.3181,11.3329,5.7188,50.4621
LVA,won,Wind onshore,0.3644,0.3388,0.3141,0.2949,12.9569,7.2803,56.1887
MAR,spv,Solar PV,0.2788,0.5211,0.1418,0.0567,89.1252,72.7832,81.6641
MAR,wof,,0.5529,0.322,0.2906,0.2732,15.1669,9.7439,64.2448
MAR,won,Wind onshore,0.435,0.2887,0.2685,0.2483,14.0187,7.0219,50.0896
MDA,spv,Solar PV,0.174,0.5742,0.2664,0.1712,70.185,53.6022,76.3728
MDA,won,Wind onshore,0.2648,0.3912,0.3734,0.3627,7.2868,4.5644,62.6397
MDG,spv,Solar PV,0.2357,0.526,0.1683,0.0734,86.0406,68.0073,79.041
MDG,wof,,0.6059,0.2675,0.2628,0.2489,6.9687,1.7537,25.1648
MDG,won,Wind onshore,0.2883,0.3081,0.2321,0.2048,33.5305,24.6678,73.5683
MEX,spv,Solar PV,0.2853,0.5087,0.1566,0.0507,90.0404,69.2237,76.8806
MEX,wof,,0.3585,0.2015,0.1833,0.1733,14.0259,9.0399,64.4517
MEX,won,Wind onshore,0.3908,0.2681,0.2467,0.2304,14.0571,8.0081,56.9684
MKD,spv,Solar PV,0.1994,0.5469,0.21,0.1244,77.261,61.609,79.7414
MKD,won,Wind onshore,0.0646,0.5518,0.5394,0.5194,5.8638,2.2402,38.2044
MLI,spv,Solar PV,0.2759,0.5214,0.1555,0.0388,92.5643,70.178,75.8153
MLI,won,Wind onshore,0.3656,0.355,0.3325,0.3039,14.4097,6.3452,44.0343
MMR,spv,Solar PV,0.2136,0.5443,0.1941,0.0815,85.0251,64.3463,75.6791
MMR,wof,,0.2424,0.4585,0.3582,0.3298,28.0666,21.8728,77.9316
MMR,won,Wind onshore,0.1698,0.5013,0.3588,0.3174,36.6789,28.4353,77.525
MNE,spv,Solar PV,0.1924,0.5659,0.2433,0.1559,72.4478,57.0004,78.6778
MNE,wof,,0.1743,0.5328,0.5099,0.4818,9.5715,4.2921,44.8424
MNE,won,Wind onshore,0.0733,0.5852,0.5601,0.5353,8.5286,4.2871,50.2676
MNG,spv,Solar PV,0.2337,0.549,0.2245,0.1084,80.2582,59.1029,73.641
MNG,won,Wind onshore,0.4357,0.3556,0.3402,0.3246,8.7203,4.3522,49.9086
MOZ,spv,Solar PV,0.2308,0.5148,0.1651,0.0844,83.6107,67.9349,81.2514
MOZ,wof,,0.4156,0.3656,0.3472,0.3351,8.3378,5.0368,60.4091
MOZ,won,Wind onshore,0.2976,0.2499,0.2088,0.1942,22.3049,16.4336,73.6772
MRT,spv,Solar PV,0.2747,0.5235,0.1628,0.0538,89.7267,68.9121,76.8023
MRT,wof,,0.6296,0.2451,0.2118,0.1841,24.8851,13.5736,54.545
MRT,won,Wind onshore,0.5605,0.2521,0.2141,0.1815,28.0013,15.06,53.7833
MWI,spv,Solar PV,0.2309,0.5147,0.1554,0.0721,85.9905,69.8151,81.1893
MWI,won,Wind onshore,0.2077,0.3283,0.2519,0.2326,29.1509,23.2825,79.8689
MYS,spv,Solar PV,0.198,0.5278,0.1775,0.0622,88.2222,66.374,75.235
MYS,wof,,0.2246,0.4023,0.3466,0.3051,24.1596,13.847,57.3147
MYS,won,Wind onshore,0.097,0.371,0.2926,0.2486,33.0058,21.1263,64.0077
NAM,spv,Solar PV,0.2798,0.5112,0.1418,0.0499,90.2425,72.259,80.072
NAM,wof,,0.6048,0.287,0.2675,0.2518,12.2456,6.7974,55.5087
NAM,won,Wind onshore,0.6282,0.2557,0.2403,0.2276,11.0018,6.0267,54.7789
NER,spv,Solar PV,0.2857,0.5206,0.1295,0.0356,93.1606,75.1293,80.6449
NER,won,Wind onshore,0.5609,0.296,0.2725,0.2384,19.4564,7.944,40.8296
NGA,spv,Solar PV,0.2599,0.5155,0.1518,0.0378,92.6715,70.5592,76.139
NGA,wof,,0.092,0.3535,0.2968,0.2639,25.3553,16.0234,63.1953
NGA,won,Wind onshore,0.2609,0.3277,0.2592,0.2041,37.7098,20.9152,55.4634
NIC,spv,Solar PV,0.2354,0.5328,0.1786,0.0664,87.5393,66.4763,75.9388
NIC,wof,,0.4117,0.3741,0.2738,0.222,40.6688,26.8091,65.9205
NIC,won,Wind onshore,0.3896,0.3292,0.2645,0.2289,30.4667,19.6642,64.5432
NLD,spv,Solar PV,0.1478,0.5758,0.2646,0.1793,68.8563,54.0514,78.4988
NLD,wof,,0.5467,0.3119,0.2964,0.2837,9.0308,4.9731,55.0682
NLD,won,Wind onshore,0.4858,0.3158,0.3008,0.2888,8.5385,4.7456,55.5783
NOR,spv,Solar PV,0.1512,0.5809,0.2774,0.1907,67.167,52.2517,77.7936
NOR,wof,,0.574,0.2943,0.2864,0.2752,6.473,2.6785,41.3788
NOR,won,Wind onshore,0.3785,0.3237,0.3152,0.3056,5.5776,2.6202,46.9766
NPL,spv,Solar PV,0.2142,0.5441,0.1869,0.0805,85.2029,65.641,77.0408
NPL,won,Wind onshore,0.1298,0.4715,0.4046,0.3646,22.6692,14.1855,62.576
NZL,spv,Solar PV,0.1717,0.5425,0.2181,0.1387,74.4299,59.7871,80.3268
NZL,wof,,0.7917,0.1699,0.167,0.1601,5.8161,1.7536,30.1506
NZL,won,Wind onshore,0.5711,0.2032,0.2005,0.1904,6.3173,1.3155,20.8239
OMN,spv,Solar PV,0.2634,0.5318,0.1572,0.0361,93.2158,70.439,75.5655
OMN,wof,,0.4017,0.3821,0.2185,0.1828,52.1605,42.826,82.1042
OMN,won,Wind onshore,0.3817,0.3474,0.2628,0.2334,32.8123,24.3681,74.265
PAK,spv,Solar PV,0.2752,0.5237,0.1503,0.0503,90.3899,71.3019,78.8826
PAK,wof,,0.2782,0.3901,0.3297,0.2926,24.9891,15.481,61.9509
PAK,won,Wind onshore,0.2988,0.3372,0.3035,0.2861,15.1512,9.992,65.9483
PAN,spv,Solar PV,0.1887,0.5533,0.2099,0.1009,81.7583,62.067,75.9152
PAN,wof,,0.196,0.521,0.375,0.2843,45.4327,28.0213,61.6764
PAN,won,Wind onshore,0.1796,0.5507,0.3798,0.2838,48.4678,31.0322,64.0265
PER,spv,Solar PV,0.2589,0.5125,0.1543,0.049,90.4361,69.8868,77.2775
PER,wof,,0.4554,0.2171,0.2075,0.1988,8.4122,4.4452,52.8428
PER,won,Wind onshore,0.2831,0.2286,0.2078,0.157,31.3034,9.0825,29.0144
PHL,spv,Solar PV,0.2065,0.5386,0.1937,0.0735,86.3477,64.0248,74.1477
PHL,wof,,0.4406,0.2733,0.2176,0.189,30.8481,20.3964,66.119
PHL,won,Wind onshore,0.2696,0.3376,0.2803,0.236,30.0928,16.9731,56.4024
PNG,spv,Solar PV,0.1752,0.5302,0.2002,0.0954,82.0155,62.2337,75.8804
PNG,wof,,0.4253,0.3601,0.2966,0.2388,33.7009,17.6548,52.3867
PNG,won,Wind onshore,0.3902,0.389,0.3153,0.2575,33.7891,18.9419,56.0592
POL,spv,Solar PV,0.1427,0.5636,0.2316,0.1414,74.9159,58.9127,78.6385
POL,wof,,0.5155,0.3151,0.3011,0.2898,8.0242,4.446,55.4074
POL,won,Wind onshore,0.3438,0.3441,0.3188,0.3017,12.3207,7.3465,59.6275
PRK,spv,Solar PV,0.2114,0.562,0.237,0.1524,72.8831,57.8219,79.3352
PRK,wof,,0.3833,0.4115,0.3901,0.3733,9.2723,5.1915,55.9893
PRK,won,Wind onshore,0.3101,0.3813,0.3602,0.3443,9.6945,5.5303,57.0462
PRT,spv,Solar PV,0.2367,0.5346,0.1891,0.1058,80.2156,64.6351,80.5767
PRT,wof,,0.4735,0.3135,0.303,0.2867,8.5485,3.3536,39.2308
PRT,won,Wind onshore,0.335,0.292,0.2772,0.2621,10.2505,5.0885,49.6417
PRY,spv,Solar PV,0.2002,0.5301,0.198,0.1197,77.4239,62.6425,80.9085
PRY,won,Wind onshore,0.3264,0.4239,0.4184,0.3964,6.4961,1.287,19.8125
QAT,spv,Solar PV,0.2561,0.5241,0.1575,0.0399,92.3928,69.9437,75.7025
QAT,wof,,0.2764,0.5073,0.4776,0.4527,10.7655,5.8704,54.5295
QAT,won,Wind onshore,0.2767,0.4393,0.4217,0.3978,9.4463,4.0015,42.3606
ROU,spv,Solar PV,0.187,0.5454,0.2154,0.1203,77.9348,60.4978,77.6262
ROU,won,Wind onshore,0.308,0.3763,0.3522,0.3393,9.8236,6.4105,65.2558
RUS,spv,Solar PV,0.2084,0.5299,0.2052,0.1017,80.7983,61.2727,75.8342
RUS,wof,,0.512,0.1732,0.1515,0.1434,17.2356,12.5555,72.8463
RUS,won,Wind onshore,0.3726,0.2379,0.2201,0.2081,12.5261,7.453,59.4995
RWA,spv,Solar PV,0.2148,0.5303,0.1982,0.1,81.1404,62.6282,77.1849
RWA,won,Wind onshore,0.0058,0.6607,0.5844,0.4987,24.5297,11.5571,47.1148
SAU,spv,Solar PV,0.2811,0.5152,0.1384,0.0318,93.8349,73.1448,77.9506
SAU,wof,,0.3621,0.3245,0.3143,0.2817,13.1857,3.1457,23.8567
SAU,won,Wind onshore,0.3716,0.2057,0.1834,0.1669,18.8374,10.8401,57.5458
SDN,spv,Solar PV,0.2869,0.5163,0.1556,0.0201,96.1164,69.8676,72.6906
SDN,wof,,0.3263,0.3277,0.3105,0.2849,13.0816,5.2546,40.1674
SDN,won,Wind onshore,0.495,0.1852,0.1599,0.1399,24.4737,13.6943,55.955
SEN,spv,Solar PV,0.2551,0.5283,0.1912,0.0512,90.3121,63.8079,70.6527
SEN,wof,,0.3733,0.3319,0.2568,0.2298,30.7623,22.6039,73.4793
SEN,won,Wind onshore,0.3458,0.3576,0.2897,0.2458,31.2705,18.9768,60.6861
SLE,spv,Solar PV,0.1928,0.5534,0.2208,0.0853,84.5883,60.1048,71.0558
SLE,wof,,0.0829,0.528,0.4471,0.3804,27.9531,15.3271,54.8315
SLE,won,Wind onshore,0.0297,0.4865,0.4034,0.3024,37.8476,17.0863,45.1451
SLV,spv,Solar PV,0.2213,0.5413,0.2036,0.0839,84.5075,62.3911,73.8291
SLV,wof,,0.0812,0.5372,0.4838,0.4358,18.8835,9.9472,52.677
SLV,won,Wind onshore,0.0522,0.6313,0.5378,0.4703,25.4964,14.8129,58.0979
SOM,spv,Solar PV,0.2528,0.533,0.1889,0.0624,88.2953,64.5679,73.1272
SOM,wof,,0.6256,0.2785,0.1756,0.1118,59.869,36.9645,61.7423
SOM,won,Wind onshore,0.625,0.259,0.1663,0.1049,59.4928,35.8072,60.1875
SRB,spv,Solar PV,0.1874,0.5517,0.2236,0.1418,74.3053,59.4806,80.0489
SRB,won,Wind onshore,0.2233,0.4762,0.4564,0.4289,9.9229,4.1596,41.9189
SSD,spv,Solar PV,0.2421,0.5261,0.166,0.036,93.1515,68.4488,73.4812
SSD,won,Wind onshore,0.2272,0.2966,0.2232,0.1781,39.9375,24.7413,61.9501
SUR,spv,Solar PV,0.2008,0.5368,0.2053,0.0963,82.0556,61.7605,75.2667
SUR,wof,,0.3234,0.3242,0.2321,0.2048,36.8217,28.4082,77.1508
SUR,won,Wind onshore,0.1988,0.3104,0.2359,0.1937,37.6056,24.0138,63.857
SVK,spv,Solar PV,0.1633,0.5791,0.2689,0.1842,68.1873,53.5702,78.5633
SVK,won,Wind onshore,0.2972,0.4448,0.4323,0.4181,6.0032,2.8154,46.8986
SVN,spv,Solar PV,0.17,0.5713,0.2713,0.1668,70.8059,52.5217,74.1771
SVN,won,Wind onshore,0.1075,0.5503,0.5354,0.5189,5.7031,2.6973,47.2959
SWE,spv,Solar PV,0.1437,0.5822,0.2761,0.1763,69.725,52.5699,75.3961
SWE,wof,,0.5041,0.3219,0.3084,0.296,8.0272,4.1982,52.2992
SWE,won,Wind onshore,0.3756,0.3284,0.3124,0.2956,9.9841,4.8506,48.5829
SYR,spv,Solar PV,0.2652,0.5234,0.1515,0.0566,89.1907,71.0599,79.6719
SYR,wof,,0.1729,0.4656,0.4395,0.4153,10.7995,5.6118,51.9629
SYR,won,Wind onshore,0.3872,0.3908,0.3162,0.2791,28.5897,19.1054,66.8261
TCD,spv,Solar PV,0.2871,0.5226,0.1541,0.0364,93.0375,70.5106,75.7873
TCD,won,Wind onshore,0.6412,0.2563,0.2108,0.1822,28.903,17.7701,61.4819
TGO,spv,Solar PV,0.2284,0.5334,0.1923,0.069,87.0735,63.9395,73.4316
TGO,wof,,0.1561,0.3187,0.2893,0.2505,21.3956,9.2305,43.142
TGO,won,Wind onshore,0.1374,0.4315,0.3403,0.2778,35.6338,21.1338,59.3085
THA,spv,Solar PV,0.209,0.5395,0.2106,0.0916,83.0303,60.9703,73.4313
THA,wof,,0.198,0.4592,0.3944,0.3457,24.7156,14.1191,57.1263
THA,won,Wind onshore,0.1793,0.4298,0.3756,0.3224,24.9895,12.6185,50.4953
TJK,spv,Solar PV,0.235,0.5385,0.1807,0.091,83.0942,66.4474,79.9664
TJK,won,Wind onshore,0.0892,0.4563,0.4411,0.4225,7.4065,3.3333,45.0057
TKM,spv,Solar PV,0.2466,0.5353,0.1975,0.0785,85.3349,63.0996,73.9436
TKM,wof,,0.3961,0.3875,0.3782,0.3634,6.2245,2.4147,38.7934
TKM,won,Wind onshore,0.4349,0.3479,0.3329,0.3196,8.1298,4.3114,53.0314
TTO,spv,Solar PV,0.228,0.5267,0.1924,0.0767,85.4345,63.4741,74.2956
TTO,wof,,0.3401,0.266,0.2187,0.1969,25.97,17.7869,68.4902
TTO,won,Wind onshore,0.4206,0.2643,0.2108,0.1872,29.1752,20.2435,69.3862
TUN,spv,Solar PV,0.2658,0.5248,0.1433,0.0493,90.6008,72.6916,80.2328
TUN,wof,,0.3835,0.392,0.3668,0.3521,10.1946,6.4367,63.1381
TUN,won,Wind onshore,0.4092,0.3792,0.3463,0.3251,14.2789,8.6854,60.8267
TUR,spv,Solar PV,0.2432,0.5236,0.1561,0.0659,87.4169,70.1914,80.295
TUR,wof,,0.4193,0.2961,0.2832,0.2653,10.3999,4.3533,41.8593
TUR,won,Wind onshore,0.1856,0.2641,0.2484,0.2279,13.6823,5.927,43.3185
TWN,spv,Solar PV,0.1887,0.5478,0.2369,0.1239,77.3747,56.7459,73.3391
TWN,wof,,0.6106,0.2869,0.2555,0.2385,16.8529,10.9486,64.9658
TWN,won,Wind onshore,0.2794,0.3398,0.2991,0.2809,17.3247,11.9732,69.1104
TZA,spv,Solar PV,0.2566,0.5137,0.1531,0.0622,87.9011,70.1933,79.8549
TZA,wof,,0.2652,0.3405,0.2766,0.2193,35.6134,18.7784,52.7285
TZA,won,Wind onshore,0.2337,0.3304,0.226,0.1762,46.6713,31.5888,67.6836
UGA,spv,Solar PV,0.2306,0.5305,0.1798,0.0715,86.5144,66.1038,76.4079
UGA,won,Wind onshore,0.1037,0.5032,0.423,0.3377,32.8852,15.9305,48.4428
UKR,spv,Solar PV,0.1879,0.5486,0.2049,0.1067,80.5489,62.6473,77.7755
UKR,wof,,0.34,0.3422,0.325,0.3097,9.512,5.0372,52.9563
UKR,won,Wind onshore,0.3657,0.3123,0.287,0.2685,14.0268,8.1063,57.7914
URY,spv,Solar PV,0.1989,0.5636,0.2456,0.1663,70.4941,56.4203,80.0356
URY,wof,,0.5002,0.3374,0.332,0.3248,3.7378,1.5978,42.7459
URY,won,Wind onshore,0.3502,0.3582,0.3432,0.3315,7.4509,4.1647,55.8945
USA,spv,Solar PV,0.2855,0.5058,0.1436,0.0493,90.2554,71.6124,79.3442
USA,wof,,0.3614,0.22,0.2043,0.198,9.982,7.1056,71.1847
USA,won,Wind onshore,0.45,0.2131,0.1979,0.1923,9.7584,7.1271,73.0358
UZB,spv,Solar PV,0.2367,0.5334,0.1776,0.0781,85.353,66.692,78.1367
UZB,won,Wind onshore,0.4399,0.338,0.3264,0.3144,6.9775,3.433,49.2007
VEN,spv,Solar PV,0.2328,0.5204,0.1685,0.0499,90.4119,67.6229,74.7942
VEN,wof,,0.6912,0.2031,0.1565,0.1394,31.3507,22.9307,73.1425
VEN,won,Wind onshore,0.6245,0.2131,0.156,0.1356,36.3944,26.7921,73.616
VNM,spv,Solar PV,0.2083,0.538,0.1943,0.0799,85.1457,63.8865,75.032
VNM,wof,,0.475,0.3369,0.2715,0.2371,29.607,19.4001,65.5256
VNM,won,Wind onshore,0.2033,0.3696,0.3351,0.3064,17.0988,9.342,54.6353
YEM,spv,Solar PV,0.2632,0.5285,0.1683,0.033,93.7622,68.1489,72.6827
YEM,wof,,0.5342,0.2927,0.2535,0.1991,31.9931,13.3965,41.8732
YEM,won,Wind onshore,0.6008,0.2581,0.24,0.1934,25.045,6.9913,27.9152
ZAF,spv,Solar PV,0.2685,0.5119,0.1371,0.051,90.0415,73.2225,81.3208
ZAF,wof,,0.4941,0.2407,0.2362,0.2283,5.1525,1.8752,36.3935
ZAF,won,Wind onshore,0.3509,0.2254,0.2159,0.1961,13.0214,4.2083,32.3188
ZMB,spv,Solar PV,0.2368,0.5184,0.149,0.068,86.885,71.2671,82.0247
ZMB,won,Wind onshore,0.2724,0.3564,0.2612,0.2212,37.9346,26.7036,70.3939
ZWE,spv,Solar PV,0.2402,0.5247,0.1918,0.089,83.0409,63.4499,76.408
ZWE,won,Wind onshore,0.3053,0.3641,0.3182,0.2853,21.6275,12.5856,58.1927
